﻿<?xml version="1.0" encoding="utf-8"?><meta xmlns:xsi="http://www.w3.org/2001/XMLSchema-instance" xmlns:xsd="http://www.w3.org/2001/XMLSchema"><project id="6PyKxKbru7L" courseid="5XH6r6g5ycI_course_id" thumburl="story_content/thumbnail.jpg" title="MPI BELATI" datepublished="2024-09-28T13:28:13" version="1.0.0.0" flashdata="story_content/data.swf" html5data="mobile/data.json" mobiledata="mobile/data.gz" enabledownload="false" duration="About 23 minutes" totalaudio="48333" totalvideo="486502"><description>Media Pembelajaran Interaktif yang mempelajari tentang Trigonometri. BELATI sendiri merupakan singkatan dari BELAjar TrIgonometri</description><keywords /><slidemeta moniker="slide" monikerplural="slides" viewslides="23" slidecountdescription="23 slides" /><author name="User" email="" website="" /><application name="Articulate Storyline" version="3.6.18134.0" xmlversion="4.0" /></project></meta>